iter	RMSE
0	14.64058552
1	14.57653273
2	14.52065134
3	14.4570247
